{"cameraMode":{"drawMode":0,"name":"Shaded","section":"Shading Mode"},"sceneLighting":true,"audioPlay":false,"sceneViewState":{"showFog":true,"showMaterialUpdate":false,"showSkybox":true,"showFlares":true,"showImageEffects":true,"showParticleSystems":true},"in2DMode":false,"pivot":{"x":-1.3807485103607178,"y":1.1634634733200074,"z":0.12938323616981507},"rotation":{"x":-0.05040041357278824,"y":0.9495347738265991,"z":-0.2131417989730835,"w":-0.22453100979328156},"size":2.4748740196228029,"orthographic":false}