{"cameraMode":{"drawMode":0,"name":"Shaded","section":"Shading Mode"},"sceneLighting":true,"audioPlay":false,"sceneViewState":{"showFog":true,"showMaterialUpdate":false,"showSkybox":true,"showFlares":true,"showImageEffects":true,"showParticleSystems":true},"in2DMode":false,"pivot":{"x":2.001422166824341,"y":2.5825719833374025,"z":1.3184051513671876},"rotation":{"x":0.21286575496196748,"y":-0.11372985690832138,"z":0.024953318759799005,"w":0.9701219201087952},"size":8.289772987365723,"orthographic":true}